id,author_id,created_at,text,retweets,likes,cleaned_text
1960677936928800822,3604695792,2025-08-27 12:17:02+00:00,"â¬…ğŸ’½âŒšğŸ§‚ğŸš”
If you want to make money in stock investment, please @Bradford_63. Share internal stock rising signals before the market opens every day.
#Stock $NVDA 
 #NasdaqğŸš $OSRH 
#ArtificialIntelligenceğŸšŸ $AEHR 
#InterestRateCutğŸ˜— $FPAY 
#ShortPositionâ™ $LCUT https://t.co/qsZaSP6Lgs",9,9,â¬…ğŸ’½âŒšğŸ§‚ğŸš” if you want to make money in stock investment please share internal stock rising signals before the market opens every day nvda ğŸš osrh ğŸšŸ aehr ğŸ˜— fpay â™ lcut
1960677934189949288,102147158,2025-08-27 12:17:01+00:00,"Enterprise Architecture: Architectural Building Blocks for an AI Platform.

https://t.co/5q5epwm1ez

#EnterpriseArchitecture #BusinessArchitecture #DigitalTransformation #CIO #Plan #BusinessStrategy #AI #GenerativeAI #GenAI #ArtificialIntelligence #AIAgent https://t.co/5WA92pgmin",0,0,enterprise architecture architectural building blocks for an ai platform
1960677730564882894,344886832,2025-08-27 12:16:13+00:00,"AI WORLD CONGRESS 2025. https://t.co/dtDMxjOfVO
Nov 26-27. London. BOOK NOW
https://t.co/dtDMxjOfVO

#ai #artificialintelligence #bigdata #machinelearning #generativeai #quantumcomputing #metaverse #cloud #robotics #robots #iot #aiot #6G #internetofthings #5G #AR #web3 #quantum https://t.co/3twl4UOm0q",4,1,ai world congress nov london book now
1960677633542512886,1757759973294051328,2025-08-27 12:15:50+00:00,"China's ğŸ‡¨ğŸ‡³ chipmakers are reportedly seeking to triple the country's domestic output of AI chips in 2026 - Financial Times

#China #Chips #AI #ArtificialIntelligence https://t.co/sJkdvTB9CP",0,1,chinas ğŸ‡¨ğŸ‡³ chipmakers are reportedly seeking to triple the countrys domestic output of ai chips in financial times
1960677494752710755,3068484222,2025-08-27 12:15:17+00:00,"Deep Learning (Adaptive Computation and Machine Learning series)

Link - https://t.co/3iosL1YvPO

#MachineLearning #ML #AI #ArtificialIntelligence #SoftwareEngineering #programming #DataAnalytics #DataScience #DeepLearning #DL",0,1,deep learning adaptive computation and machine learning series link
1960677474880061677,1073136733850607617,2025-08-27 12:15:12+00:00,"ğŸ”¢ğŸŒ†ğŸ£
I started following @Calavagio and my investments are profitable every day. I made $42,000 in a week. You can do it too.
#FederalReserve #stock 
#ArtificialIntelligence  ğŸ›‚ $SUGP #Nasdaq  ğŸ˜‘ $MJID #ChineseADRs  ğŸ§€ $CPSH 
#FederalReserve ğŸ“ $FEBO https://t.co/YWdlO2MqtV",9,9,ğŸ”¢ğŸŒ†ğŸ£ i started following and my investments are profitable every day i made in a week you can do it too ğŸ›‚ sugp ğŸ˜‘ mjid ğŸ§€ cpsh ğŸ“ febo
1960677426130014392,952502046,2025-08-27 12:15:00+00:00,"For creative minds https://t.co/9ilgTaZESd
Play inside of your #painting with a bit of AI magic â¤ï¸ğŸ® #indiedev #gamedev #switch #Nindie #madewithunity #NintendoLife #PixelArt #8bitart #discord #supermariomaker2 #Yoshi #family #artificialintelligence #puzzle #games #indiegames https://t.co/ud2frIntQ8",0,0,for creative minds play inside of your with a bit of ai magic â¤ï¸ğŸ®
1960677327219601912,3089254495,2025-08-27 12:14:37+00:00,"ğŸ¨ğŸ”³ğŸ‘€ğŸ“ğŸ¾
If you want to make money in stock investment, please @Bradford_63. Share internal stock rising signals before the market opens every day.
#Stock $NVDA 
 #ArtificialIntelligenceğŸˆ² $HCWB 
#InvestorAttentionğŸš§ $USBC 
#DPIğŸ¥± $ETHZ 
$NVDA ğŸ’‚ $TWG https://t.co/T74lX5oRDq",9,9,ğŸ¨ğŸ”³ğŸ‘€ğŸ“ğŸ¾ if you want to make money in stock investment please share internal stock rising signals before the market opens every day nvda ğŸˆ² hcwb ğŸš§ usbc ğŸ¥± ethz nvda ğŸ’‚ twg
1960677267501207592,883113423185350656,2025-08-27 12:14:22+00:00,"AI WORLD CONGRESS 2025. https://t.co/vI0KiE4fUG
Nov 26-27. London. BOOK NOW!
https://t.co/vI0KiE4fUG

#ai #artificialintelligence #bigdata #machinelearning #generativeai #quantumcomputing #metaverse #cloud #robotics #robots #iot #aiot #6G #internetofthings #5G #AR #web3 #quantum https://t.co/41ZOLPpdBB",0,0,ai world congress nov london book now
1960677061636358339,1892952655447658496,2025-08-27 12:13:33+00:00,"Contacting their support is totally pointless Dm now for any Recovery of Hacking Problems 
#ArtificialIntelligence #AI #ML #facebookdown #Instagram #Telegram #NFT #deeplearning #snapchatdown #Python #Coding  #javascript #rstats #100DaysOfCode #programming #Linux #Snapchat https://t.co/5nX8cV1uSF",0,0,contacting their support is totally pointless dm now for any recovery of hacking problems
1960676957508575720,1892952655447658496,2025-08-27 12:13:08+00:00,"Hacking is easy only with the professional hacker contact me now for support or help on account Recovery or Hacking
#ArtificialIntelligence #gmaildown #DataScience #facebooksupport #SnapChat #deeplearning #Instagramsuspended #Python  #WhatsApp #100DaysOfHacking #100DaysOfCode https://t.co/CULZhpd9AQ",0,0,hacking is easy only with the professional hacker contact me now for support or help on account recovery or hacking
1960676919759802822,1121585585502601216,2025-08-27 12:12:59+00:00,"ğŸ¤–ğŸ’” #Google 's #AI had a #MentalBreakdown
#Gemini #YuriOntibon #ArtificialIntelligence #Google https://t.co/P7qZR7zhME",1,3,ğŸ¤–ğŸ’” s had a
1960676907034316856,1892952655447658496,2025-08-27 12:12:56+00:00,"I am trusted and Reliable for any Hacking or Account Recovery 
#ArtificialIntelligence #Telegram #DataScience #DataScientists #facebookdown #gmailhack #WhatsApp #CyberSecurity #Python #Coding  #gmaildown #100DaysOfCode #programming  #BigData #SnapChat #instagram #telegram https://t.co/RhwIBajT9P",0,0,i am trusted and reliable for any hacking or account recovery
1960676853837947044,1892952655447658496,2025-08-27 12:12:44+00:00,"For any lost coins, wallet, pass phrase or Any account Problem contact me now
#ArtificialIntelligence #AI #ML #Bitcoin  #DataScientists #CodeNewbies #Tech #deeplearning #BNB  #Python #Coding  #TrustWallet #Blockchain #NFTs  #100DaysOfCode #programming #Linux #Binance  #trc20 https://t.co/JKiuIPse4f",0,0,for any lost coins wallet pass phrase or any account problem contact me now
1960676781368733948,1953960367563886592,2025-08-27 12:12:26+00:00,"Eyes on tonightâ€™s numbers. Nvidia isnâ€™t just reporting earnings â€” itâ€™s effectively giving the market a temperature check on the entire #ArtificialIntelligence trade.

#Stocks #Earnings #Markets #Tech",0,0,eyes on tonightâ€™s numbers nvidia isnâ€™t just reporting earnings â€” itâ€™s effectively giving the market a temperature check on the entire trade
1960676706622038301,1315471446,2025-08-27 12:12:09+00:00,"#willsmith #AI #aivideo #concert #artificialintelligence
I'm telling you guys, he did it as revenge 
https://t.co/BtwaOM6vux",0,0,im telling you guys he did it as revenge
1960676326324514817,1884547187884896256,2025-08-27 12:10:38+00:00,"AI Climate Model Simulates 1,000 Years in 12 Hours.

https://t.co/2bGcVsoYsR

#TechNews #ArtificialIntelligence #Technology #Innovation #FutureTech #AIforGood #TechForDevelopment #AIAdvocate #DigitalTransformation",0,0,ai climate model simulates years in hours
1960676315885105402,1892952655447658496,2025-08-27 12:10:35+00:00,"Contact me now for support on Hacking or Recovery Services!
#ArtificialIntelligence #DataScience #DataScientists #CodeNewbies #Tech #deeplearning #CyberSecurity #Python #Coding  #javascript #rstats #100DaysOfCode #programming #Linux #IoT #IIoT #BigData #snapchatdown #instagram https://t.co/KCxDyISunX",0,0,contact me now for support on hacking or recovery services
1960676243059167465,1892952655447658496,2025-08-27 12:10:18+00:00,"Contact me now for support on Hacking or Recovery Services!
#ArtificialIntelligence #DataScience #DataScientists #CodeNewbies #Tech #deeplearning #CyberSecurity #Python #Coding  #javascript #rstats #100DaysOfCode #programming #Linux #IoT #IIoT #BigData #snapchatdown #instagram https://t.co/T3N7xfhVTx",0,0,contact me now for support on hacking or recovery services
1960676216362381346,3901478841,2025-08-27 12:10:12+00:00,"AI Climate Model Simulates 1,000 Years in 12 Hours.

https://t.co/6QiQLPgJO6

#TechNews #ArtificialIntelligence #Technology #Innovation #FutureTech #AIforGood #TechForDevelopment #AIAdvocate #DigitalTransformation",0,0,ai climate model simulates years in hours
1960675934366756908,58380473,2025-08-27 12:09:05+00:00,"Curious about Earn Income Selling a Bestselling Title on Amazon KDP within 24 Hours With ChatGPT? Essential strategies to kickstart a top title on Amazon KDP with ChatGPT. Download your free report: .
 
https://t.co/iIq4DPnPqE
 
#artificialintelligence #ebook #free #freedownload https://t.co/BfWYkAzhpx",0,0,curious about earn income selling a bestselling title on amazon kdp within hours with chatgpt essential strategies to kickstart a top title on amazon kdp with chatgpt download your free report
1960675889878065649,1851536477064155136,2025-08-27 12:08:54+00:00,"Assort Health just raised $50M to let AI handle patient callsâ€”think scheduling, cancellations, and FAQs. Could your next doctorâ€™s call be with a bot?  #AI #ArtificialIntelligence #TechNews #Innovation",0,0,assort health just raised m to let ai handle patient callsâ€”think scheduling cancellations and faqs could your next doctorâ€™s call be with a bot
1960675770340196693,1892952655447658496,2025-08-27 12:08:25+00:00,"Do you lost your account, you donâ€™t have anything to worry about just send me a Dm for help now!!!
#ArtificialIntelligence #AI #ML #DataScience #DataScientists #snapchat #Python #Coding  #javascript #rstats #100DaysOfCode #programming #Linux #IoT #IIoT #BigData #Gmail https://t.co/HhhmPsVb3n",0,0,do you lost your account you donâ€™t have anything to worry about just send me a dm for help now
1960675713775743201,1892952655447658496,2025-08-27 12:08:12+00:00,"Contact me now for Hacking or Account Recovery #snapchat #instagram #Facebook #WhatsApp
#ArtificialIntelligence #AI #ML #DataScience #DataScientists #CodeNewbies #Tech #deeplearning #CyberSecurity #Python #Coding  #javascript #rstats #100DaysOfCode #programming #Linux #IoT #NFTs https://t.co/Km3po0NtSc",0,0,contact me now for hacking or account recovery
1960675637447831702,1257618614947102720,2025-08-27 12:07:54+00:00,"Music breaks stigma. Music heals. Music unites. The Africa Rising Conference is amplifying its power for mental wellness.
#africacoachingandmentorshipinitiative 
#Africarisingconference
#CapeTown2025
#drolusholaajide 
#mentalhealth 
#Artificialintelligence
#music
#employability https://t.co/uSJhR9llQQ",0,0,music breaks stigma music heals music unites the africa rising conference is amplifying its power for mental wellness
1960675516932833296,936128265562894336,2025-08-27 12:07:25+00:00,"ğŸ§†ğŸ§ŸğŸ›’
Follow @PaulinaBadys and her advice. I'm making money investing every day, and you can too.
#stock $GOOGL 
#ArtificialIntelligenceğŸ $NA 
#GroupPolarizationğŸ¦µ $BTAI 
#StockPriceSynchronicityğŸ‚ $FGEN 
#DPIğŸ”· $REBN https://t.co/XeoFRlC0Zh",2,7,ğŸ§†ğŸ§ŸğŸ›’ follow and her advice im making money investing every day and you can too googl ğŸ na ğŸ¦µ btai ğŸ‚ fgen ğŸ”· rebn
1960674776264917374,1936260876526350336,2025-08-27 12:04:28+00:00,"ğŸ‘¢ğŸŒ
He is a gold medal stock analyst: @michellehromlak who posts stock recommendations on X every day, and they are indeed very accurate.
#stock $TSLA #finance #ArtificialIntelligenceğŸ½ $HCWB 
#FederalReserveâ†– $VELO 
#JacksonHoleğŸŒŒ $SGBX 
#CitigroupğŸ˜¥ $USBC https://t.co/u6Vm22wiOj",9,9,ğŸ‘¢ğŸŒ he is a gold medal stock analyst who posts stock recommendations on x every day and they are indeed very accurate tsla ğŸ½ hcwb â†– velo ğŸŒŒ sgbx ğŸ˜¥ usbc
1960674760192315742,1922977399546720256,2025-08-27 12:04:25+00:00,"NEOCIDENTALSIDE V00... ğŸŒğŸ–Œ JLN_2019 ğŸ“¸

ğŸ–¼ğŸ–ŒğŸ¨â˜®ï¸ğŸŒ ğŸª¬â˜ï¸ğŸ˜ 
MODERN VIRTUAL EXPRESSIONISM 
ğŸŒğŸ§²âš›ï¸ğŸ’ªğŸ§ ğŸ’¡â†—ï¸â˜¯ï¸

Look and buy the best Brazil World Art. ğŸ§ ğŸ–¼ğŸ–ŒğŸ˜ğŸ¤³ğŸ“·ğŸŒğŸ¨ğŸ–¼ğŸ§  

#artbots #naturalintelligence #artificialintelligence #jln_2019 #world Thanks! ğŸª¬

https://t.co/5YX1BdQc8J",0,0,neocidentalside v ğŸŒğŸ–Œ jln ğŸ“¸ ğŸ–¼ğŸ–ŒğŸ¨â˜®ï¸ğŸŒ ğŸª¬â˜ï¸ğŸ˜ modern virtual expressionism ğŸŒğŸ§²âš›ï¸ğŸ’ªğŸ§ ğŸ’¡â†—ï¸â˜¯ï¸ look and buy the best brazil world art ğŸ§ ğŸ–¼ğŸ–ŒğŸ˜ğŸ¤³ğŸ“·ğŸŒğŸ¨ğŸ–¼ğŸ§  thanks ğŸª¬
1960674703665774625,970523146456567808,2025-08-27 12:04:11+00:00,"ğŸ§ğŸ¥ğŸ”ğŸ»
I started following @Calavagio and my investments are profitable every day. I made $42,000 in a week. You can do it too.
#FederalReserve #stock 
#ArtificialIntelligence  ğŸ† $OSRH #ESGInvesting  ğŸ¦ $ASST #Robotics  ğŸ§¶ $CPSH 
#Cybersecurity  â¬… $JFBR https://t.co/OuHbEYmVq6",9,9,ğŸ§ğŸ¥ğŸ”ğŸ» i started following and my investments are profitable every day i made in a week you can do it too ğŸ† osrh ğŸ¦ asst ğŸ§¶ cpsh â¬… jfbr
1960674434458489037,1751808885856550912,2025-08-27 12:03:07+00:00,"Click the link below to read my article. Where I explain how to build backlinks with ChatGPT.
Link: https://t.co/UYS5dlM2EB
.
.
.
#chatgpt #seo #backlinks #backlinkstrategy #backlinksforseo #AI #generativeai #artificialintelligence #digitalmarketing #seotrends #backlinksseo",0,0,click the link below to read my article where i explain how to build backlinks with chatgpt link
1960674391215210595,1224763477891268608,2025-08-27 12:02:57+00:00,".
#ArtificialIntelligence 
#AI #ChatGPT 
This is just the beginning.
The dark side of AI 

. https://t.co/WdDwOSUwS5",0,0,this is just the beginning the dark side of ai
1960674308377993286,2281228142,2025-08-27 12:02:37+00:00,"The hierarchical reasoning model (HRM) system is modeled on the way the human brain processes complex information, and it outperformed leading LLMs in a notoriously hard-to-beatâ€¦ https://t.co/zXJBqGM66u #AI #ArtificialIntelligence #MachineLearning #DeepLearning #NeuralNetworks",0,1,the hierarchical reasoning model hrm system is modeled on the way the human brain processes complex information and it outperformed leading llms in a notoriously hardtobeatâ€¦
1960674308327457217,1260787318354567168,2025-08-27 12:02:37+00:00,Algorithms to allies: Building clinical confidence in AI: https://t.co/yl06qwDZWl #ai #artificialintelligence #healthtech https://t.co/PFRqa3ZVEP,0,1,algorithms to allies building clinical confidence in ai
1960674254736765055,1737462839743496193,2025-08-27 12:02:24+00:00,89% of employees believe that AI could improve at least half of their workload. Use these 8 AI productivity tools to give you super-human powers in 2024! https://t.co/QMLIwfHc8t #ai #productivity #artificialintelligence #aitools,0,0,of employees believe that ai could improve at least half of their workload use these ai productivity tools to give you superhuman powers in
1960674208721330442,104545743,2025-08-27 12:02:13+00:00,"My small hands traced lines that AI transformed into pixels 
Now my drawings live as #NFT â€˜s on the #blockchain , carrying a piece of Indonesia ğŸ‡®ğŸ‡© into the boundless Web3 universe
#AIArt #NFTDrop #Web3 #ArtificialIntelligence #NFTCommunity #IndonesianPride #CryptoArt #MemeToken https://t.co/CXuxuUzaQT",0,1,my small hands traced lines that ai transformed into pixels now my drawings live as â€˜s on the carrying a piece of indonesia ğŸ‡®ğŸ‡© into the boundless web universe
1960674116840640811,1934871407214710784,2025-08-27 12:01:51+00:00,"ğŸš€ Ready to revolutionize your data strategy?

Discover the Top AI Tools for Virtual Storage that help you cut costs, boost performance, and secure your business in the cloud. ğŸŒâœ¨

ğŸ”— [https://t.co/UdLwUpwDWI]

#ArtificialIntelligence #CloudStorage #Toolient https://t.co/7jYIu80yxV",0,0,ğŸš€ ready to revolutionize your data strategy discover the top ai tools for virtual storage that help you cut costs boost performance and secure your business in the cloud ğŸŒâœ¨ ğŸ”—
1960674036213801064,164545254,2025-08-27 12:01:32+00:00,"AI in KM entails addressing technological, organisational, and ethical challenges in knowledge creation, storage, sharing, and application

#km #kmers #knowledgemanagement #ai #ArtificialIntelligence https://t.co/fT38guEYix",0,1,ai in km entails addressing technological organisational and ethical challenges in knowledge creation storage sharing and application
1960673877316501880,23500215,2025-08-27 12:00:54+00:00,"According to @forbes - #AI is now both your biggest #opportunity and your biggest threat.

https://t.co/dG5gbnOB7l

#ArtificialIntelligence #AItechnology #MachineLearning #DeepLearning #ResponsibleAI #EthicalAI https://t.co/AvRqEhiTBp",0,0,according to is now both your biggest and your biggest threat
1960673800976261453,1888805213714477056,2025-08-27 12:00:36+00:00,"Chinaâ€™s AI stack goes domestic: fabs, funding, and a DeepSeek-led playbook - China plans to triple AI chip output by 2026 through new fabs and coordinated funding, targeting replacement of Nvidia's...

https://t.co/Q5TQzjM1Ku

#AI #TechNews #ArtificialIntelligence",0,0,chinaâ€™s ai stack goes domestic fabs funding and a deepseekled playbook china plans to triple ai chip output by through new fabs and coordinated funding targeting replacement of nvidias
1960673797943513252,1524985023006674944,2025-08-27 12:00:35+00:00,"TCS Launches AI Business Unit Amid Industry Shift, Appoints Amit Kapur
#TCS #ArtificialIntelligence #AITransformation #TechLeadership #Innovation #FutureOfWork #DigitalTransformation #ITIndustry #AmitKapur # https://t.co/SiW1uRtpnL",0,0,tcs launches ai business unit amid industry shift appoints amit kapur
1960673749226668057,1398785085093126149,2025-08-27 12:00:24+00:00,"AI's rapid advancement puts immense processing power in everyone's hands. Some argue this is like unleashing a ""nuclear bomb"" of capability, accessible to anyone with internet access. #AI #ArtificialIntelligence https://t.co/1ZB7vNoLw2",0,0,ais rapid advancement puts immense processing power in everyones hands some argue this is like unleashing a nuclear bomb of capability accessible to anyone with internet access
1960673595148919075,1013818152096894978,2025-08-27 11:59:47+00:00,"ğŸ™ğŸ‚ğŸ¥«ğŸ’Š
I started following @Calavagio and my investments are profitable every day. I made $42,000 in a week. You can do it too.
#FederalReserve #stock 
#ArtificialIntelligence  ğŸ” $SGBX #IPO  ğŸ˜” $MJID #SpaceEconomy  ğŸš¶ $RCON 
$PFE ğŸ’ª $FPAY https://t.co/fQDxSVosNS",9,9,ğŸ™ğŸ‚ğŸ¥«ğŸ’Š i started following and my investments are profitable every day i made in a week you can do it too ğŸ” sgbx ğŸ˜” mjid ğŸš¶ rcon pfe ğŸ’ª fpay
1960673474671993243,2718262992,2025-08-27 11:59:18+00:00,"What are the key challenges in implementing AI in KM, and how can they be addressed?

https://t.co/gfhtmiogjN

#km #kmers #knowledgemanagement #ai #ArtificialIntelligence",0,2,what are the key challenges in implementing ai in km and how can they be addressed
1960673445395538300,122443799,2025-08-27 11:59:11+00:00,"Aurora Mobileâ€™s https://t.co/MEdueYUn6E Partners with Thailandâ€™s Digital Leader Vonosis to Accelerate Enterprise AI Adoption Across Healthcare, Retail and Manufacturing - Green Stock News https://t.co/mFsrwInpo2 $JG #cleantech #artificialintelligence",0,0,aurora mobileâ€™s partners with thailandâ€™s digital leader vonosis to accelerate enterprise ai adoption across healthcare retail and manufacturing green stock news jg
1960672681885327606,1035207120159821824,2025-08-27 11:56:09+00:00,"ğŸ¥§ğŸ“œğŸ‘
I found a ton of bullish signals @Calavagio and I've made $22,000 and you can too.
#interestrates #stock 
#ArtificialIntelligence  ğŸ $BSET #ESGInvesting  ğŸ€ $NSSC #IPO  ğŸŒ“ $CETX 
#SPAC  ğŸŒ™ $JFBR https://t.co/rQzSFmVbSb",9,9,ğŸ¥§ğŸ“œğŸ‘ i found a ton of bullish signals and ive made and you can too ğŸ bset ğŸ€ nssc ğŸŒ“ cetx ğŸŒ™ jfbr
1960672340590629366,837341223694249984,2025-08-27 11:54:48+00:00,"New York Times @nytimes: The A.I. Spending Frenzy Is Propping Up the Real Economy, Too - The New York Times. #industry40 #ArtificialIntelligence #MachineLearning https://t.co/UlBsEVH1nN",0,0,new york times the ai spending frenzy is propping up the real economy too the new york times
1960672231136051382,1936260231392378884,2025-08-27 11:54:22+00:00,"ğŸ“”ğŸŒ†ğŸ¤º
He is seriously the best investor: @michellehromlak I've been watching him for a week and all his recommendations have gone up.
#stock #risingstocks $HOOD #ArtificialIntelligenceğŸ« $STSS 
#DowJonesğŸ”º $VELO 
#GoldmanSachsğŸ¤« $BSET 
#Citigroupâšª $FPAY https://t.co/x2R45wNSn3",9,9,ğŸ“”ğŸŒ†ğŸ¤º he is seriously the best investor ive been watching him for a week and all his recommendations have gone up hood ğŸ« stss ğŸ”º velo ğŸ¤« bset âšª fpay
1960672224152531103,1787362817978388481,2025-08-27 11:54:20+00:00,"Embrace #AIAgents for #APIs!  Future of autonomous integration &amp; workflow automation:ğŸ¤–
https://t.co/z544B73PDl 

#Automation #ArtificialIntelligence #TechTrends #WorkflowAutomation",0,0,embrace for future of autonomous integration amp workflow automationğŸ¤–
1960671928710000772,1936998383681449984,2025-08-27 11:53:09+00:00,"ğŸ’¡ Did You Know?

AI can now unmask criminals on the Dark Web with up to 95% accuracy, linking hidden accounts &amp; exposing illicit networks once thought untouchable.

#CWIForum #DidYouKnow #DarkWeb #CyberSecurity #TechForGood #DigitalSafety #OnlineThreats #ArtificialIntelligence",4,9,ğŸ’¡ did you know ai can now unmask criminals on the dark web with up to accuracy linking hidden accounts amp exposing illicit networks once thought untouchable
1960671843460764118,3175565121,2025-08-27 11:52:49+00:00,"ğŸ§´ğŸ€â­•ğŸ¦¸
If you want to make money in stock investment, please @Bradford_63. Share internal stock rising signals before the market opens every day.
#Stock $NVDA 
 #ArtificialIntelligenceğŸ“  $OSRH 
#TechStocksğŸ“” $AEHR 
#InvestmentStrategyğŸ¤¯ $NSSC 
$HD ğŸ‘… $FPAY https://t.co/piBl05yCaL",9,9,ğŸ§´ğŸ€â­•ğŸ¦¸ if you want to make money in stock investment please share internal stock rising signals before the market opens every day nvda ğŸ“  osrh ğŸ“” aehr ğŸ¤¯ nssc hd ğŸ‘… fpay
1960670845313147224,951141429350469632,2025-08-27 11:48:51+00:00,"â™¦â™‘
I started following @Calavagio and my investments are profitable every day. I made $42,000 in a week. You can do it too.
#FederalReserve #stock 
#ArtificialIntelligence  ğŸ§¦ $SUGP #SPAC  â†” $AEHR #eVTOL  ğŸ™† $CGTX 
#Biotechnology  ğŸ¤– $FPAY https://t.co/Bj2XAYBHZ3",9,9,â™¦â™‘ i started following and my investments are profitable every day i made in a week you can do it too ğŸ§¦ sugp â†” aehr ğŸ™† cgtx ğŸ¤– fpay
1960670345414766604,1934871407214710784,2025-08-27 11:46:52+00:00,"ğŸš€ Data centers are the heart of the digital world â€” but managing them is more complex than ever.

Thatâ€™s where AI tools step in! ğŸ’¡

ğŸ‘‡ Read the full guide here: ğŸŒ

ğŸ”— [https://t.co/cgdkcYZN5D]

#ArtificialIntelligence #DataCenters #Toolient https://t.co/8D6gaubKBu",0,0,ğŸš€ data centers are the heart of the digital world â€” but managing them is more complex than ever thatâ€™s where ai tools step in ğŸ’¡ ğŸ‘‡ read the full guide here ğŸŒ ğŸ”—
1960669942782763107,1330958068327256065,2025-08-27 11:45:16+00:00,"https://t.co/jrmUc3RmOa
Car Chatsâ€”Concerns With AI in the Legal Field.
#milettilaw #nyclawyer #lawfirm #legalservices #ArtificialIntelligence",0,0,car chatsâ€”concerns with ai in the legal field
1960669919051178200,1004806997877952512,2025-08-27 11:45:10+00:00,"ğŸŒ´ğŸ“ˆğŸ”¶
I found a ton of bullish signals @Calavagio and I've made $22,000 and you can too.
#interestrates #stock 
#ArtificialIntelligence  ğŸ¦• $HCWB #Robotics  ğŸ§œ $USBC #SpaceEconomy  ğŸ§‘ $CPSH 
#ChineseADRs  ğŸ‘‚ $CETX https://t.co/OxmxIyE7Ce",9,9,ğŸŒ´ğŸ“ˆğŸ”¶ i found a ton of bullish signals and ive made and you can too ğŸ¦• hcwb ğŸ§œ usbc ğŸ§‘ cpsh ğŸ‘‚ cetx
1960669879796707619,952502046,2025-08-27 11:45:01+00:00,"For creative minds https://t.co/9ilgTaZ72F
Play inside of your #painting with a bit of AI magic â¤ï¸ğŸ® #indiedev #gamedev #switch #Nindie #madewithunity #NintendoLife #PixelArt #8bitart #discord #supermariomaker2 #Yoshi #family #artificialintelligence #puzzle #games #indiegames https://t.co/W8OIesByeT",0,2,for creative minds play inside of your with a bit of ai magic â¤ï¸ğŸ®
1960669753397403804,1724671721641480192,2025-08-27 11:44:31+00:00,"ğŸ‘‰ Our Website: https://t.co/ZHkfIle4tt 
ğŸ‘‰  Our YouTube Channel: https://t.co/qxTB1ZZbRT 
ğŸ‘‰ Our Facebook Fanpage: https://t.co/ij7x8sfNJH 
ğŸ‘‰ Our X ( Twitter ): https://t.co/fC8jkBjiMh

#AItrading #automationtrading #automate #ArtificialIntelligence #expertadvice #expertadvisor",0,0,ğŸ‘‰ our website ğŸ‘‰ our youtube channel ğŸ‘‰ our facebook fanpage ğŸ‘‰ our x twitter
1960669733411254272,1079654559302148096,2025-08-27 11:44:26+00:00,"ğŸ––ğŸ‘½
I started following @Calavagio and my investments are profitable every day. I made $42,000 in a week. You can do it too.
#FederalReserve #stock 
#ArtificialIntelligence  ğŸ° $OSRH #Nasdaq  ğŸˆ¹ $STSS #eVTOL  ğŸ¥  $VELO 
#MarketVolatility  ğŸ–• $RCON https://t.co/ZAL4qf8MiE",9,9,ğŸ––ğŸ‘½ i started following and my investments are profitable every day i made in a week you can do it too ğŸ° osrh ğŸˆ¹ stss ğŸ¥  velo ğŸ–• rcon
1960669036607341015,726415079516852225,2025-08-27 11:41:40+00:00,"Disappointingly (https://t.co/XWXgLMzQsm), the only things a Computer can do are: OR, AND, XOR, Mult, Div, Add, Sub, Jump, Move, ShiftL, ShiftR, and Compare. #AI #ArtificialIntelligence #Consciousness #Philosophy #Mind #MachineLearning #Engineering",0,0,disappointingly the only things a computer can do are or and xor mult div add sub jump move shiftl shiftr and compare
1960668802993004898,989075636231856129,2025-08-27 11:40:44+00:00,"ğŸˆµğŸ”‡
I found a ton of bullish signals @Calavagio and I've made $22,000 and you can too.
#interestrates #stock 
#ArtificialIntelligence  ğŸƒ $HCWB #eVTOL  ğŸŒ• $SUGP #Blockchain  ğŸŒŒ $USBC 
#MarketVolatility  ğŸ§ $TWG https://t.co/2K3eiGVEYf",9,9,ğŸˆµğŸ”‡ i found a ton of bullish signals and ive made and you can too ğŸƒ hcwb ğŸŒ• sugp ğŸŒŒ usbc ğŸ§ twg
1960668616975679754,970906503879081984,2025-08-27 11:40:00+00:00,"ğŸ¦¶ğŸ‘½ğŸ¥€
I started following @Calavagio and my investments are profitable every day. I made $42,000 in a week. You can do it too.
#FederalReserve #stock 
#ArtificialIntelligence  ğŸ˜ª $HCWB #ESGInvesting  ğŸ“¯ $ASST #Blockchain  ğŸ’ˆ $LCUT 
#AssetPricing  ğŸ§‚ $JFBR https://t.co/VmNiEkygRb",9,9,ğŸ¦¶ğŸ‘½ğŸ¥€ i started following and my investments are profitable every day i made in a week you can do it too ğŸ˜ª hcwb ğŸ“¯ asst ğŸ’ˆ lcut ğŸ§‚ jfbr
1960668382405050412,1936259779409985538,2025-08-27 11:39:04+00:00,"ğŸ¤´ğŸ™€ğŸŒğŸ¤ºâ™
He is seriously the best investor: @michellehromlak I've been watching him for a week and all his recommendations have gone up.
#stock #risingstocks $HOOD #financeğŸ¥³ $ASST 
#ArtificialIntelligenceğŸ’» $SGBX 
#AsteraLabsğŸ”¼ $CGTX 
#ReddiğŸ± $RCON https://t.co/XE2HVWdvvP",9,9,ğŸ¤´ğŸ™€ğŸŒğŸ¤ºâ™ he is seriously the best investor ive been watching him for a week and all his recommendations have gone up hood ğŸ¥³ asst ğŸ’» sgbx ğŸ”¼ cgtx ğŸ± rcon
1960668370337923475,4375073113,2025-08-27 11:39:01+00:00,"4 Reasons 2025 Is THE Year to Learn AI â€“ And How to Get Started

https://t.co/2w9Iu8IHuE

#ArtificialIntelligence #AI #MachineLearning https://t.co/3frX7MH5ex",0,0,reasons is the year to learn ai â€“ and how to get started
1960668318018240624,119826872,2025-08-27 11:38:49+00:00,"Own your own AI.
https://t.co/dIJHaczdn6 #AI #technologyVision #ArtificialIntelligence",0,0,own your own ai
1960667836319236160,1936259700284112896,2025-08-27 11:36:54+00:00,"ğŸ¥“ğŸ†˜
He is seriously the best investor: @michellehromlak I've been watching him for a week and all his recommendations have gone up.
#stock #risingstocks $HOOD #stockğŸŒ” $HCWB 
#ArtificialIntelligenceğŸ¤ $AEHR 
#DowJonesğŸŒ² $FPAY 
#TechStocksğŸ´ $JFBR https://t.co/V5UE9SfRoN",9,9,ğŸ¥“ğŸ†˜ he is seriously the best investor ive been watching him for a week and all his recommendations have gone up hood ğŸŒ” hcwb ğŸ¤ aehr ğŸŒ² fpay ğŸ´ jfbr
1960667470353850426,1936259630772240391,2025-08-27 11:35:27+00:00,"ğŸ”ˆğŸ¸ğŸ’Œ
I highly recommend this stock blogger: @michellehromlak. I made $8,000 this week by buying the stocks he recommended. Absolutely true.
#stock #JacksonHole $PLTR #ArtificialIntelligenceâ—¼ $MJID 
#SP500ğŸ¸ $ETHZ 
#OkloğŸ› $RCON 
#AsteraLabsğŸ˜ $JFBR https://t.co/fzby52HCOG",9,9,ğŸ”ˆğŸ¸ğŸ’Œ i highly recommend this stock blogger i made this week by buying the stocks he recommended absolutely true pltr â—¼ mjid ğŸ¸ ethz ğŸ› rcon ğŸ˜ jfbr
1960667410513473571,1693861848964112384,2025-08-27 11:35:12+00:00,"Ridiculous Madness ğŸ¤¯ğŸ­ğŸ’¥
HCTILG
Glitch The Glitch
$AI To The Moon â€“ To The Saturn ğŸš€ğŸª

#AIFanToken #AI #artificialintelligence #cryptoai #memecoins https://t.co/PcBopOBYkx",0,1,ridiculous madness ğŸ¤¯ğŸ­ğŸ’¥ hctilg glitch the glitch ai to the moon â€“ to the saturn ğŸš€ğŸª
1960667274349531171,29394479,2025-08-27 11:34:40+00:00,"What's the ONE thing you wish AI could do for you right now? #AI #ArtificialIntelligence #FutureTech #Tech

Drop your ideas below! ğŸ‘‡ https://t.co/V6knbRxont",0,0,whats the one thing you wish ai could do for you right now drop your ideas below ğŸ‘‡
1960666717039845456,3088878525,2025-08-27 11:32:27+00:00,"AI use by journalists addressed in new guidelines

#AIJournalism #MediaEthics #ArtificialIntelligence #CyprusNews #JournalismStandards #NewsMedia  
https://t.co/2pR7HwmjdD",0,0,ai use by journalists addressed in new guidelines
1960666009485955113,1936259370096246784,2025-08-27 11:29:38+00:00,"â™ ğŸ¤°ğŸš™ğŸš˜ğŸ¥«
He is a gold medal stock analyst: @michellehromlak who posts stock recommendations on X every day, and they are indeed very accurate.
#stock $TSLA #finance #ArtificialIntelligenceğŸ”´ $VELO 
#HousingPricesğŸ©± $USBC 
#OkloğŸ‘‘ $CGTX 
#JobyAviationğŸ¢ $BSET https://t.co/BzmOcrqRaq",9,9,â™ ğŸ¤°ğŸš™ğŸš˜ğŸ¥« he is a gold medal stock analyst who posts stock recommendations on x every day and they are indeed very accurate tsla ğŸ”´ velo ğŸ©± usbc ğŸ‘‘ cgtx ğŸ¢ bset
1960665346492522562,952502046,2025-08-27 11:27:00+00:00,"For creative minds https://t.co/9ilgTaZESd
Play inside of your #painting with a bit of AI magic â¤ï¸ğŸ® #indiedev #gamedev #switch #Nindie #madewithunity #NintendoLife #PixelArt #8bitart #discord #supermariomaker2 #Yoshi #family #artificialintelligence #puzzle #games #indiegames https://t.co/ry3rel44vN",0,1,for creative minds play inside of your with a bit of ai magic â¤ï¸ğŸ®
1960665282130645079,1936259199052165120,2025-08-27 11:26:45+00:00,"ğŸ†™ğŸ˜ŸğŸ“©ğŸ¤ ğŸ…
I highly recommend this stock blogger: @michellehromlak. I made $8,000 this week by buying the stocks he recommended. Absolutely true.
#stock #JacksonHole $PLTR #ArtificialIntelligenceğŸ¤µ $SGBX 
#TariffsğŸ¤ $CGTX 
#CitigroupğŸ¥½ $TWG 
#OkloğŸˆš $JFBR https://t.co/ewWZlSGVQb",9,9,ğŸ†™ğŸ˜ŸğŸ“©ğŸ¤ ğŸ… i highly recommend this stock blogger i made this week by buying the stocks he recommended absolutely true pltr ğŸ¤µ sgbx ğŸ¤ cgtx ğŸ¥½ twg ğŸˆš jfbr
1960664904865558941,1022175019156176896,2025-08-27 11:25:15+00:00,"ğŸ’«ğŸ˜°ğŸŒ¸ğŸ¦–ğŸ‘§
I found a ton of bullish signals @Calavagio and I've made $22,000 and you can too.
#interestrates #stock 
#ArtificialIntelligence  ğŸ› $OPAD #SP500  â›½ $SUGP #Inflation  ğŸ¦ $AEHR 
#FederalReserve ğŸš‚ $TWG https://t.co/BNHhYCMScu",9,9,ğŸ’«ğŸ˜°ğŸŒ¸ğŸ¦–ğŸ‘§ i found a ton of bullish signals and ive made and you can too ğŸ› opad â›½ sugp ğŸ¦ aehr ğŸš‚ twg
1960664694512848937,1842647875643191296,2025-08-27 11:24:25+00:00,"AI + human creativity = cash! 30% of artists use AI to create, earning 25% more. By 2030, 50% could blend AI-human art. Whatâ€™s your AI creative hustle? ğŸ¨ #ArtificialIntelligence #Creativity",0,0,ai human creativity cash of artists use ai to create earning more by could blend aihuman art whatâ€™s your ai creative hustle ğŸ¨
1960664332703838270,48623005,2025-08-27 11:22:58+00:00,"Lowe Lintas showcases Google Geminiâ€™s role in everyday routines 

https://t.co/ZwwYmTpk65 

#GoogleGemini #artificialintelligence #LoweLintas #AI #shortfilm #campaign https://t.co/Xj6AEckpag",0,0,lowe lintas showcases google geminiâ€™s role in everyday routines
1960663791781151003,980791701223628800,2025-08-27 11:20:49+00:00,"ğŸ’ğŸ”ºğŸ¥­
I found a ton of bullish signals @Calavagio and I've made $22,000 and you can too.
#interestrates #stock 
#ArtificialIntelligence  ğŸ¦ $STSS #CloudComputing  ğŸš† $SUGP #eVTOL  ğŸ‘‰ $SGBX 
#CrowdPolarizationğŸ© $RCON https://t.co/w0hoff8Fk5",9,9,ğŸ’ğŸ”ºğŸ¥­ i found a ton of bullish signals and ive made and you can too ğŸ¦ stss ğŸš† sugp ğŸ‘‰ sgbx ğŸ© rcon
1960663589296996722,75777747,2025-08-27 11:20:01+00:00,"According to @mustafasuleyman, head of #MicrosoftAI, #AIconsciousness is set to become â€œone of the most contested and consequential debates of our generation.â€ My AI column this week assesses his claim and his solution. #cdnpoli #AI #ArtificialIntelligence
https://t.co/eykZuO6KWj",0,0,according to head of is set to become â€œone of the most contested and consequential debates of our generationâ€ my ai column this week assesses his claim and his solution
1960663514223403519,1942423592643297280,2025-08-27 11:19:43+00:00,"Just when you thought you understood AI's potential, it surprises us again! ğŸ¤– What breakthrough caught your attention this week? ğŸš€ Let's unlock the future together! ğŸ’¡ #ArtificialIntelligence",0,0,just when you thought you understood ais potential it surprises us again ğŸ¤– what breakthrough caught your attention this week ğŸš€ lets unlock the future together ğŸ’¡
1960663090061553704,1899795519301668864,2025-08-27 11:18:02+00:00,"https://t.co/rcKLzXBOP0

FaceOff Redefines Trust with Agentic RAG and Homegrown LLM

#FaceOff #ACE #AdaptiveCognitoEngine #AgenticRAG #LLM #MultimodalAI #CognitiveAI #ContextualAI #AIInnovation #ArtificialIntelligence #NextGenAI #technewsae https://t.co/UJWBRwl27r",0,0,faceoff redefines trust with agentic rag and homegrown llm
1960663083325526216,3079070602,2025-08-27 11:18:01+00:00,"ğŸ”¨ğŸ˜Ÿ
This blogger, @Bradford_63. recommends stocks that rise every day. His judgment is incredibly accurate. You can also follow him.
#stock #WarrenBuffett 
#ArtificialIntelligenceğŸ˜º $OSRH 
#QuantitativeEasingğŸ» $SCPH 
#DefenseInvestmentğŸ§ˆ $FEBO 
$WMT ğŸ“ˆ $LCUT https://t.co/pz6hlnRxQ0",9,9,ğŸ”¨ğŸ˜Ÿ this blogger recommends stocks that rise every day his judgment is incredibly accurate you can also follow him ğŸ˜º osrh ğŸ» scph ğŸ§ˆ febo wmt ğŸ“ˆ lcut
1960662769851584816,1485174203301179392,2025-08-27 11:16:46+00:00,"https://t.co/7vCIddqxUF is now premium domain in atom. 
A strong, brandable domain for AI leaders, startups, and innovators ready to stand out in the future of technology.

#AI #ArtificialIntelligence #DomainForSale #TechStartups #Innovation #Branding https://t.co/nMOv0laeTh",0,0,is now premium domain in atom a strong brandable domain for ai leaders startups and innovators ready to stand out in the future of technology
1960662485666607178,1038257406936010752,2025-08-27 11:15:38+00:00,"ğŸ¤ğŸ˜¹
I started following @Calavagio and my investments are profitable every day. I made $42,000 in a week. You can do it too.
#FederalReserve #stock 
#ArtificialIntelligence  ğŸ¸ $CAPS #Robotics  ğŸ”’ $MJID #CrowdPolarizationğŸ“º $ETHZ 
#interestratesğŸŸ£ $NSSC https://t.co/P86IZ8vUH6",9,9,ğŸ¤ğŸ˜¹ i started following and my investments are profitable every day i made in a week you can do it too ğŸ¸ caps ğŸ”’ mjid ğŸ“º ethz ğŸŸ£ nssc
1960662367097823604,1936258741038444544,2025-08-27 11:15:10+00:00,"ğŸ¿ğŸš”â¬…
He is seriously the best investor: @michellehromlak I've been watching him for a week and all his recommendations have gone up.
#stock #risingstocks $HOOD #financeğŸ§¹ $OPAD 
#ArtificialIntelligenceğŸš $AEHR 
#BitcoinğŸ  $BSET 
#PathDependenceğŸ¦– $JFBR https://t.co/1IGW2CEp1b",9,9,ğŸ¿ğŸš”â¬… he is seriously the best investor ive been watching him for a week and all his recommendations have gone up hood ğŸ§¹ opad ğŸš aehr ğŸ  bset ğŸ¦– jfbr
1960662118782407092,995649617894170624,2025-08-27 11:14:11+00:00,"ğŸ§¨ğŸ¦ğŸ§ŠğŸ™ŠğŸš‘
I found a ton of bullish signals @Calavagio and I've made $22,000 and you can too.
#interestrates #stock 
#ArtificialIntelligence  ğŸšµ $OSRH #SP500  ğŸ‘š $VELO #BlueChip  ğŸ‘‹ $CLGN 
$PYPLğŸ¥ $JFBR https://t.co/JWmmyqILFw",9,9,ğŸ§¨ğŸ¦ğŸ§ŠğŸ™ŠğŸš‘ i found a ton of bullish signals and ive made and you can too ğŸšµ osrh ğŸ‘š velo ğŸ‘‹ clgn pyplğŸ¥ jfbr
1960661582674817094,145540255,2025-08-27 11:12:03+00:00,Image editing in Gemini just got a major upgrade https://t.co/olpLK1nYkf #ArtificialIntelligence #Gemini https://t.co/nwKv6sD1ZL,0,0,image editing in gemini just got a major upgrade
1960661571174101108,1017771303007219712,2025-08-27 11:12:00+00:00,"ğŸ“ğŸ¥‘ğŸğŸ¡
I found a ton of bullish signals @Calavagio and I've made $22,000 and you can too.
#interestrates #stock 
#ArtificialIntelligence  ğŸ“© $HCWB #ETF  ğŸ $ETHZ #Robotics  ğŸš– $CPSH 
#Cybersecurity  â• $RCON https://t.co/COaboIyUny",9,9,ğŸ“ğŸ¥‘ğŸğŸ¡ i found a ton of bullish signals and ive made and you can too ğŸ“© hcwb ğŸ ethz ğŸš– cpsh â• rcon
1960661386054279668,1029910601810628608,2025-08-27 11:11:16+00:00,"ğŸˆ¹ğŸ˜—ğŸ¥¦ğŸ’¹ğŸŒ²
I started following @Calavagio and my investments are profitable every day. I made $42,000 in a week. You can do it too.
#FederalReserve #stock 
#ArtificialIntelligence  ğŸ¥® $OSRH #SP500  ğŸ˜œ $CGTX #GreenEnergy  ğŸ“Š $TWG 
$PYPLğŸŸ£ $FPAY https://t.co/nv9Pg1pffl",9,9,ğŸˆ¹ğŸ˜—ğŸ¥¦ğŸ’¹ğŸŒ² i started following and my investments are profitable every day i made in a week you can do it too ğŸ¥® osrh ğŸ˜œ cgtx ğŸ“Š twg pyplğŸŸ£ fpay
1960661330739773734,875432999889907714,2025-08-27 11:11:03+00:00,"AI Models Least &amp; Most Likely to Invent Information, Based on Hallucination Rates https://t.co/PqBfk4b1c3 #artificialintelligence #machinelearning",0,0,ai models least amp most likely to invent information based on hallucination rates
1960661201748107729,949425517983248390,2025-08-27 11:10:32+00:00,"â¬…ğŸ‘¹ğŸğŸ˜ˆğŸšµ
I started following @Calavagio and I'm making money every day. His tweets are spot on. You can follow him too.
#stock $BINI 
#ArtificialIntelligence  ğŸš¹ $SGBX #SP500  ğŸ¾ $ETHZ #Nasdaq  ğŸ‰ $BSET 
#DowJones  ğŸŠ $RCON https://t.co/PrOxRlb9g5",9,9,â¬…ğŸ‘¹ğŸğŸ˜ˆğŸšµ i started following and im making money every day his tweets are spot on you can follow him too bini ğŸš¹ sgbx ğŸ¾ ethz ğŸ‰ bset ğŸŠ rcon
1960660819194339734,2543025295,2025-08-27 11:09:01+00:00,"Understanding AI's impact on productivity in context of population shifts: 
https://t.co/xf3ugIt7q8

#artificialintelligence #machinelearning #worldeconomicoutlook #productivityhacks #populationchange #ageingpopulation #futureofwork",0,0,understanding ais impact on productivity in context of population shifts
1960660171849412905,1936258390793043968,2025-08-27 11:06:26+00:00,"ğŸˆ¯ğŸ”“ğŸš 
He is seriously the best investor: @michellehromlak I've been watching him for a week and all his recommendations have gone up.
#stock #risingstocks $HOOD #ArtificialIntelligenceğŸ¦‰ $STSS 
#NVIDIAğŸŒš $SCPH 
#InterestRatesğŸ˜® $ETHZ 
#risingstocksğŸ‘“ $CLGN https://t.co/xcER1jtVtW",9,9,ğŸˆ¯ğŸ”“ğŸš  he is seriously the best investor ive been watching him for a week and all his recommendations have gone up hood ğŸ¦‰ stss ğŸŒš scph ğŸ˜® ethz ğŸ‘“ clgn
1960660086621090007,873220358853337090,2025-08-27 11:06:06+00:00,"ğŸ‰ğŸ›µğŸ’‹ğŸ˜Ÿâ•
Follow him @PaulinaBadys. I've been following him for a long time and his daily tweets are spot on.
#SP500 #stock 
#NasdaqğŸ¦± $GDRX 
#ArtificialIntelligenceğŸš¶ $IROH 
#InflationğŸ¦š $BTAI 
#DPIâ†© $ADN https://t.co/j5T7toptBN",3,1,ğŸ‰ğŸ›µğŸ’‹ğŸ˜Ÿâ• follow him ive been following him for a long time and his daily tweets are spot on ğŸ¦± gdrx ğŸš¶ iroh ğŸ¦š btai â†© adn
1960659640942764033,1899795519301668864,2025-08-27 11:04:20+00:00,"https://t.co/3eCYRyvbca

The AI Arms Race: Is Appleâ€™s Cautious Approach a Liability?
@Apple 
#Apple #ArtificialIntelligence #AIRace #TechStrategy #Acquisitions #MergersAndAcquisitions #Innovation #BigTech #Microsoft #Google #AcquiHire #TechNews #FutureOfAI https://t.co/tKdVmaggSQ",0,0,the ai arms race is appleâ€™s cautious approach a liability
1960659500404240672,1878431545981329409,2025-08-27 11:03:46+00:00,"As AI continues to evolve, its impact on Solanas ecosystem could be profound. Were already seeing hints of this with SOLs recent 8.4% jump â€“ a sign that mainstream adoption is picking up steam. But whats next? #ArtificialIntelligence #SOL",0,0,as ai continues to evolve its impact on solanas ecosystem could be profound were already seeing hints of this with sols recent jump â€“ a sign that mainstream adoption is picking up steam but whats next
1960659072899834149,933011397578915840,2025-08-27 11:02:04+00:00,"ğŸ­ğŸ‘
Since I started following this blogger @PaulinaBadys, I have doubled my money by buying his recommended signals.
 $APPL #stock 
#ArtificialIntelligenceğŸ“™ $OTLK 
#InterestRateCutğŸ¤³ $ADN 
#StockMarketğŸ¥ $YEXT 
#TurnoverRateâ° $REBN https://t.co/GH6jiyriXA",5,2,ğŸ­ğŸ‘ since i started following this blogger i have doubled my money by buying his recommended signals appl ğŸ“™ otlk ğŸ¤³ adn ğŸ¥ yext â° rebn
1960659004893364351,948436093795418112,2025-08-27 11:01:48+00:00,"ğŸ¤ŸğŸ˜€
I started following @Calavagio and my investments are profitable every day. I made $42,000 in a week. You can do it too.
#FederalReserve #stock 
#ArtificialIntelligence  ğŸ’ $STSS #DowJones  ğŸ‘š $SGBX #Semiconductors  â¬œ $RCON 
$BA ğŸ› $CLGN https://t.co/kVZmzDrNMG",9,10,ğŸ¤ŸğŸ˜€ i started following and my investments are profitable every day i made in a week you can do it too ğŸ’ stss ğŸ‘š sgbx â¬œ rcon ba ğŸ› clgn
1960658732507128151,1888805213714477056,2025-08-27 11:00:43+00:00,"Anthropic settles authorsâ€™ copyright class action, dodging December trial - Anthropic settled the first major AI copyright lawsuit for undisclosed terms, avoiding a trial over 7 million pirated books. The deal...

https://t.co/0SWz0PeD1Q

#AI #TechNews #ArtificialIntelligence",0,1,anthropic settles authorsâ€™ copyright class action dodging december trial anthropic settled the first major ai copyright lawsuit for undisclosed terms avoiding a trial over million pirated books the deal
1960658703197118838,41821430,2025-08-27 11:00:36+00:00,"@Microsoft @catherinenaugh @funkratt_se We will then explore #ArtificialIntelligence for accessibility with speakers @alexmoledo, and Daniele Rovere from @intesasanpaolo 

4/7 https://t.co/RAdW34tt0k",0,0,we will then explore for accessibility with speakers and daniele rovere from
1960658658087276632,127387904,2025-08-27 11:00:26+00:00,"From automating discovery responses to drafting legal documents faster, AI improves efficiency and reduces repetitive workloads

https://t.co/fINNwtU6mj #artificialintelligence #productivitymatters #legalpractice",0,1,from automating discovery responses to drafting legal documents faster ai improves efficiency and reduces repetitive workloads
1960658626273497413,3430121199,2025-08-27 11:00:18+00:00,"ğŸ§™ğŸ‘¨ğŸ“‡ğŸŒ€ğŸ¸
Follow @Bradford_63. every day to share insider stock market signals. I've already made $28,000 in one week.
#TechStocks $TSLA #ArtificialIntelligenceğŸ $CAPS 
#GroupPolarizationğŸ˜½ $CPSH 
#InvestorAttentionğŸ§¼ $BSET 
$WMT ğŸ¤  $CLGN https://t.co/1rHjWTkKPS",8,9,ğŸ§™ğŸ‘¨ğŸ“‡ğŸŒ€ğŸ¸ follow every day to share insider stock market signals ive already made in one week tsla ğŸ caps ğŸ˜½ cpsh ğŸ§¼ bset wmt ğŸ¤  clgn
1960658563258266047,3254451655,2025-08-27 11:00:03+00:00,"Dear Microsoft, Thanks for the memories! https://t.co/4yg2BnLBfn
#microsoft #clippy #popculture #arthistory #artificialintelligence #artcollecting #artcolletors #artcollection #collectart #artgallery #onlineartgallery #buyart #buyartonoine #AddictedArtGallery",0,1,dear microsoft thanks for the memories
